species,island,bill_length_mm,bill_depth_mm,flipper_length_mm,body_mass_g,sex,year
Adelie,Biscoe,31.3,18.3,201.0,5289.0,male,krill,adult,healthy,2023
Adelie,Biscoe,30.3,18.9,206.0,4677.0,male,krill,juvenile,healthy,2023
Adelie,Biscoe,30.8,18.1,178.0,4149.0,male,krill,juvenile,underweight,2023
Adelie,Biscoe,28.4,23.3,189.0,4972.0,male,krill,juvenile,healthy,2023
Adelie,Biscoe,34.3,13.2,180.0,3318.0,female,parental,chick,overweight,2023
Adelie,Dream,62.9,16.0,249.0,5886.0,male,fish,adult,healthy,2021
Adelie,Dream,26.3,18.6,202.0,4242.0,female,krill,adult,healthy,2021
Adelie,Dream,24.0,16.6,207.0,4029.0,male,krill,juvenile,underweight,2021
Adelie,Dream,30.0,20.2,195.0,4400.0,female,krill,adult,healthy,2021
Adelie,Dream,18.2,17.4,179.0,3525.0,female,krill,juvenile,underweight,2021
Adelie,Dream,15.6,15.3,215.0,4121.0,female,krill,juvenile,healthy,2021
Adelie,Biscoe,20.1,13.9,164.0,3213.0,female,parental,chick,overweight,2023
Adelie,Biscoe,35.1,17.6,175.0,2777.0,female,parental,chick,underweight,2023
Adelie,Biscoe,34.0,16.1,163.0,3135.0,female,parental,chick,healthy,2023
Adelie,Biscoe,25.7,17.9,162.0,3166.0,female,parental,chick,healthy,2023
Adelie,Biscoe,30.9,15.1,170.0,3039.0,female,parental,chick,healthy,2023
Adelie,Biscoe,53.4,17.8,219.0,5687.0,female,fish,adult,overweight,2021
Adelie,Torgensen,65.2,16.9,240.0,6735.0,male,fish,adult,overweight,2021
Adelie,Torgensen,21.8,18.1,177.0,4146.0,female,krill,juvenile,healthy,2021
Adelie,Torgensen,27.0,17.3,194.0,3973.0,female,krill,adult,underweight,2021
Adelie,Torgensen,28.8,17.7,213.0,4301.0,male,krill,juvenile,underweight,2021
Adelie,Biscoe,49.3,18.1,245.0,6811.0,female,fish,adult,overweight,2021
Adelie,Biscoe,63.9,16.5,277.0,6147.0,male,fish,adult,overweight,2021
Adelie,Biscoe,55.1,19.7,224.0,6038.0,male,fish,juvenile,overweight,2021
Adelie,Biscoe,57.4,19.5,255.0,5920.0,male,fish,adult,healthy,2021
Adelie,Biscoe,55.7,16.6,226.0,5388.0,female,fish,adult,overweight,2021
Chinstrap,Dream,50.5,18.1,199.0,5575.0,female,fish,adult,overweight,2022
Chinstrap,Dream,44.0,20.6,251.0,6021.0,female,fish,adult,overweight,2022
Chinstrap,Dream,52.3,20.8,211.0,6478.0,female,fish,adult,overweight,2022
Chinstrap,Dream,54.9,20.8,229.0,4486.0,female,fish,juvenile,healthy,2022
Chinstrap,Dream,57.7,17.9,252.0,6285.0,female,fish,adult,overweight,2022
Chinstrap,Dream,41.1,19.0,202.0,4694.0,female,fish,juvenile,overweight,2022
Chinstrap,Dream,30.1,17.8,206.0,4417.0,male,krill,juvenile,underweight,2022
Chinstrap,Dream,33.5,20.8,193.0,4918.0,male,krill,juvenile,healthy,2022
Chinstrap,Dream,29.8,21.7,204.0,5205.0,male,krill,juvenile,healthy,2022
Chinstrap,Dream,30.9,17.6,184.0,4603.0,male,krill,juvenile,underweight,2022
Chinstrap,Dream,41.0,18.9,222.0,5037.0,male,krill,juvenile,healthy,2022
Chinstrap,Dream,30.3,25.5,205.0,6341.0,male,krill,adult,healthy,2022
Adelie,Dream,49.9,18.2,218.0,5007.0,female,fish,juvenile,overweight,2023
Adelie,Dream,65.4,20.2,242.0,6484.0,male,fish,adult,overweight,2023
Adelie,Dream,63.4,22.3,250.0,5585.0,male,fish,adult,healthy,2023
Adelie,Dream,73.6,19.6,248.0,6769.0,male,fish,adult,overweight,2023
Adelie,Dream,22.0,17.3,185.0,4058.0,female,krill,juvenile,healthy,2023
Adelie,Dream,24.3,21.4,216.0,4462.0,female,krill,adult,healthy,2023
Adelie,Dream,37.2,20.8,195.0,3603.0,female,krill,juvenile,underweight,2023
Adelie,Dream,28.9,18.4,195.0,3901.0,female,krill,adult,underweight,2023
Adelie,Dream,17.6,16.4,183.0,3756.0,female,krill,juvenile,healthy,2023
Adelie,Dream,29.4,16.0,175.0,3675.0,female,krill,juvenile,underweight,2023
Adelie,Dream,18.1,17.0,180.0,3836.0,female,krill,juvenile,healthy,2023
Adelie,Dream,36.5,21.7,203.0,4485.0,female,krill,adult,healthy,2023
Adelie,Dream,24.6,14.9,166.0,3286.0,female,krill,juvenile,underweight,2023
Adelie,Torgensen,36.3,16.1,184.0,3191.0,female,parental,chick,healthy,2023
Adelie,Torgensen,27.0,14.4,161.0,2966.0,female,parental,chick,healthy,2023
Adelie,Torgensen,33.5,16.1,170.0,2962.0,female,parental,chick,healthy,2023
Adelie,Torgensen,26.7,13.7,162.0,2984.0,female,parental,chick,healthy,2023
Adelie,Torgensen,35.4,13.9,194.0,3268.0,female,parental,chick,overweight,2023
Adelie,Torgensen,35.9,15.6,170.0,3218.0,female,parental,chick,overweight,2023
Adelie,Torgensen,38.3,12.9,159.0,3377.0,female,parental,chick,overweight,2023
Adelie,Torgensen,29.1,13.9,161.0,3110.0,female,parental,chick,healthy,2023
Adelie,Torgensen,30.0,14.0,191.0,3386.0,female,parental,chick,overweight,2023
Adelie,Torgensen,29.3,14.1,168.0,3048.0,female,parental,chick,healthy,2023
Adelie,Torgensen,33.0,15.7,189.0,3544.0,male,parental,chick,healthy,2023
Adelie,Torgensen,38.5,17.0,199.0,3550.0,male,parental,chick,healthy,2023
Adelie,Torgensen,32.3,16.4,177.0,3402.0,male,parental,chick,healthy,2023
Adelie,Torgensen,35.3,9.8,185.0,3715.0,male,parental,chick,healthy,2023
Adelie,Torgensen,31.7,16.3,186.0,3099.0,male,parental,chick,underweight,2023
Adelie,Torgensen,37.3,18.4,186.0,3023.0,male,parental,chick,underweight,2023
Gentoo,Biscoe,27.9,18.4,178.0,3299.0,female,parental,chick,healthy,2023
Gentoo,Biscoe,34.8,14.4,207.0,3594.0,female,parental,chick,healthy,2023
Gentoo,Biscoe,36.0,12.6,181.0,4285.0,female,parental,chick,overweight,2023
Gentoo,Biscoe,43.8,17.6,164.0,3748.0,female,parental,chick,healthy,2023
Gentoo,Biscoe,30.3,19.0,183.0,3167.0,female,parental,chick,underweight,2023
Gentoo,Biscoe,37.3,20.6,174.0,3311.0,female,parental,chick,healthy,2023
Gentoo,Biscoe,28.8,17.4,176.0,3420.0,female,parental,chick,healthy,2023
Gentoo,Biscoe,42.7,18.6,193.0,3242.0,female,parental,chick,healthy,2023
Gentoo,Biscoe,41.1,19.6,189.0,3186.0,female,parental,chick,underweight,2023
Gentoo,Biscoe,32.4,17.8,176.0,4433.0,male,parental,chick,healthy,2023
Gentoo,Biscoe,44.9,16.2,201.0,4463.0,male,parental,chick,healthy,2023
Gentoo,Biscoe,47.6,21.1,175.0,4030.0,male,parental,chick,healthy,2023
Gentoo,Biscoe,37.2,17.6,228.0,3858.0,male,parental,chick,underweight,2023
Gentoo,Biscoe,33.4,18.8,190.0,4765.0,male,parental,chick,overweight,2023
Adelie,Torgersen,39.1,18.7,181.0,3750.0,male,2007
Adelie,Torgersen,39.5,17.4,186.0,3800.0,female,2007
Adelie,Torgersen,40.3,18.0,195.0,3250.0,female,2007
Adelie,Torgersen,,,,,,2007
Adelie,Torgersen,36.7,19.3,193.0,3450.0,female,2007
Adelie,Torgersen,39.3,20.6,190.0,3650.0,male,2007
Adelie,Torgersen,38.9,17.8,181.0,3625.0,female,2007
Adelie,Torgersen,39.2,19.6,195.0,4675.0,male,2007
Adelie,Torgersen,34.1,18.1,193.0,3475.0,,2007
Adelie,Torgersen,42.0,20.2,190.0,4250.0,,2007
Adelie,Torgersen,37.8,17.1,186.0,3300.0,,2007
Adelie,Torgersen,37.8,17.3,180.0,3700.0,,2007
Adelie,Torgersen,41.1,17.6,182.0,3200.0,female,2007
Adelie,Torgersen,38.6,21.2,191.0,3800.0,male,2007
Adelie,Torgersen,34.6,21.1,198.0,4400.0,male,2007
Adelie,Torgersen,36.6,17.8,185.0,3700.0,female,2007
Adelie,Torgersen,38.7,19.0,195.0,3450.0,female,2007
Adelie,Torgersen,42.5,20.7,197.0,4500.0,male,2007
Adelie,Torgersen,34.4,18.4,184.0,3325.0,female,2007
Adelie,Torgersen,46.0,21.5,194.0,4200.0,male,2007
Adelie,Biscoe,37.8,18.3,174.0,3400.0,female,2007
Adelie,Biscoe,37.7,18.7,180.0,3600.0,male,2007
Adelie,Biscoe,35.9,19.2,189.0,3800.0,female,2007
Adelie,Biscoe,38.2,18.1,185.0,3950.0,male,2007
Adelie,Biscoe,38.8,17.2,180.0,3800.0,male,2007
Adelie,Biscoe,35.3,18.9,187.0,3800.0,female,2007
Adelie,Biscoe,40.6,18.6,183.0,3550.0,male,2007
Adelie,Biscoe,40.5,17.9,187.0,3200.0,female,2007
Adelie,Biscoe,37.9,18.6,172.0,3150.0,female,2007
Adelie,Biscoe,40.5,18.9,180.0,3950.0,male,2007
Adelie,Dream,39.5,16.7,178.0,3250.0,female,2007
Adelie,Dream,37.2,18.1,178.0,3900.0,male,2007
Adelie,Dream,39.5,17.8,188.0,3300.0,female,2007
Adelie,Dream,40.9,18.9,184.0,3900.0,male,2007
Adelie,Dream,36.4,17.0,195.0,3325.0,female,2007
Adelie,Dream,39.2,21.1,196.0,4150.0,male,2007
Adelie,Dream,38.8,20.0,190.0,3950.0,male,2007
Adelie,Dream,42.2,18.5,180.0,3550.0,female,2007
Adelie,Dream,37.6,19.3,181.0,3300.0,female,2007
Adelie,Dream,39.8,19.1,184.0,4650.0,male,2007
Adelie,Dream,36.5,18.0,182.0,3150.0,female,2007
Adelie,Dream,40.8,18.4,195.0,3900.0,male,2007
Adelie,Dream,36.0,18.5,186.0,3100.0,female,2007
Adelie,Dream,44.1,19.7,196.0,4400.0,male,2007
Adelie,Dream,37.0,16.9,185.0,3000.0,female,2007
Adelie,Dream,39.6,18.8,190.0,4600.0,male,2007
Adelie,Dream,41.1,19.0,182.0,3425.0,male,2007
Adelie,Dream,37.5,18.9,179.0,2975.0,,2007
Adelie,Dream,36.0,17.9,190.0,3450.0,female,2007
Adelie,Dream,42.3,21.2,191.0,4150.0,male,2007
Adelie,Biscoe,39.6,17.7,186.0,3500.0,female,2008
Adelie,Biscoe,40.1,18.9,188.0,4300.0,male,2008
Adelie,Biscoe,35.0,17.9,190.0,3450.0,female,2008
Adelie,Biscoe,42.0,19.5,200.0,4050.0,male,2008
Adelie,Biscoe,34.5,18.1,187.0,2900.0,female,2008
Adelie,Biscoe,41.4,18.6,191.0,3700.0,male,2008
Adelie,Biscoe,39.0,17.5,186.0,3550.0,female,2008
Adelie,Biscoe,40.6,18.8,193.0,3800.0,male,2008
Adelie,Biscoe,36.5,16.6,181.0,2850.0,female,2008
Adelie,Biscoe,37.6,19.1,194.0,3750.0,male,2008
Adelie,Biscoe,35.7,16.9,185.0,3150.0,female,2008
Adelie,Biscoe,41.3,21.1,195.0,4400.0,male,2008
Adelie,Biscoe,37.6,17.0,185.0,3600.0,female,2008
Adelie,Biscoe,41.1,18.2,192.0,4050.0,male,2008
Adelie,Biscoe,36.4,17.1,184.0,2850.0,female,2008
Adelie,Biscoe,41.6,18.0,192.0,3950.0,male,2008
Adelie,Biscoe,35.5,16.2,195.0,3350.0,female,2008
Adelie,Biscoe,41.1,19.1,188.0,4100.0,male,2008
Adelie,Torgersen,35.9,16.6,190.0,3050.0,female,2008
Adelie,Torgersen,41.8,19.4,198.0,4450.0,male,2008
Adelie,Torgersen,33.5,19.0,190.0,3600.0,female,2008
Adelie,Torgersen,39.7,18.4,190.0,3900.0,male,2008
Adelie,Torgersen,39.6,17.2,196.0,3550.0,female,2008
Adelie,Torgersen,45.8,18.9,197.0,4150.0,male,2008
Adelie,Torgersen,35.5,17.5,190.0,3700.0,female,2008
Adelie,Torgersen,42.8,18.5,195.0,4250.0,male,2008
Adelie,Torgersen,40.9,16.8,191.0,3700.0,female,2008
Adelie,Torgersen,37.2,19.4,184.0,3900.0,male,2008
Adelie,Torgersen,36.2,16.1,187.0,3550.0,female,2008
Adelie,Torgersen,42.1,19.1,195.0,4000.0,male,2008
Adelie,Torgersen,34.6,17.2,189.0,3200.0,female,2008
Adelie,Torgersen,42.9,17.6,196.0,4700.0,male,2008
Adelie,Torgersen,36.7,18.8,187.0,3800.0,female,2008
Adelie,Torgersen,35.1,19.4,193.0,4200.0,male,2008
Adelie,Dream,37.3,17.8,191.0,3350.0,female,2008
Adelie,Dream,41.3,20.3,194.0,3550.0,male,2008
Adelie,Dream,36.3,19.5,190.0,3800.0,male,2008
Adelie,Dream,36.9,18.6,189.0,3500.0,female,2008
Adelie,Dream,38.3,19.2,189.0,3950.0,male,2008
Adelie,Dream,38.9,18.8,190.0,3600.0,female,2008
Adelie,Dream,35.7,18.0,202.0,3550.0,female,2008
Adelie,Dream,41.1,18.1,205.0,4300.0,male,2008
Adelie,Dream,34.0,17.1,185.0,3400.0,female,2008
Adelie,Dream,39.6,18.1,186.0,4450.0,male,2008
Adelie,Dream,36.2,17.3,187.0,3300.0,female,2008
Adelie,Dream,40.8,18.9,208.0,4300.0,male,2008
Adelie,Dream,38.1,18.6,190.0,3700.0,female,2008
Adelie,Dream,40.3,18.5,196.0,4350.0,male,2008
Adelie,Dream,33.1,16.1,178.0,2900.0,female,2008
Adelie,Dream,43.2,18.5,192.0,4100.0,male,2008
Adelie,Biscoe,35.0,17.9,192.0,3725.0,female,2009
Adelie,Biscoe,41.0,20.0,203.0,4725.0,male,2009
Adelie,Biscoe,37.7,16.0,183.0,3075.0,female,2009
Adelie,Biscoe,37.8,20.0,190.0,4250.0,male,2009
Adelie,Biscoe,37.9,18.6,193.0,2925.0,female,2009
Adelie,Biscoe,39.7,18.9,184.0,3550.0,male,2009
Adelie,Biscoe,38.6,17.2,199.0,3750.0,female,2009
Adelie,Biscoe,38.2,20.0,190.0,3900.0,male,2009
Adelie,Biscoe,38.1,17.0,181.0,3175.0,female,2009
Adelie,Biscoe,43.2,19.0,197.0,4775.0,male,2009
Adelie,Biscoe,38.1,16.5,198.0,3825.0,female,2009
Adelie,Biscoe,45.6,20.3,191.0,4600.0,male,2009
Adelie,Biscoe,39.7,17.7,193.0,3200.0,female,2009
Adelie,Biscoe,42.2,19.5,197.0,4275.0,male,2009
Adelie,Biscoe,39.6,20.7,191.0,3900.0,female,2009
Adelie,Biscoe,42.7,18.3,196.0,4075.0,male,2009
Adelie,Torgersen,38.6,17.0,188.0,2900.0,female,2009
Adelie,Torgersen,37.3,20.5,199.0,3775.0,male,2009
Adelie,Torgersen,35.7,17.0,189.0,3350.0,female,2009
Adelie,Torgersen,41.1,18.6,189.0,3325.0,male,2009
Adelie,Torgersen,36.2,17.2,187.0,3150.0,female,2009
Adelie,Torgersen,37.7,19.8,198.0,3500.0,male,2009
Adelie,Torgersen,40.2,17.0,176.0,3450.0,female,2009
Adelie,Torgersen,41.4,18.5,202.0,3875.0,male,2009
Adelie,Torgersen,35.2,15.9,186.0,3050.0,female,2009
Adelie,Torgersen,40.6,19.0,199.0,4000.0,male,2009
Adelie,Torgersen,38.8,17.6,191.0,3275.0,female,2009
Adelie,Torgersen,41.5,18.3,195.0,4300.0,male,2009
Adelie,Torgersen,39.0,17.1,191.0,3050.0,female,2009
Adelie,Torgersen,44.1,18.0,210.0,4000.0,male,2009
Adelie,Torgersen,38.5,17.9,190.0,3325.0,female,2009
Adelie,Torgersen,43.1,19.2,197.0,3500.0,male,2009
Adelie,Dream,36.8,18.5,193.0,3500.0,female,2009
Adelie,Dream,37.5,18.5,199.0,4475.0,male,2009
Adelie,Dream,38.1,17.6,187.0,3425.0,female,2009
Adelie,Dream,41.1,17.5,190.0,3900.0,male,2009
Adelie,Dream,35.6,17.5,191.0,3175.0,female,2009
Adelie,Dream,40.2,20.1,200.0,3975.0,male,2009
Adelie,Dream,37.0,16.5,185.0,3400.0,female,2009
Adelie,Dream,39.7,17.9,193.0,4250.0,male,2009
Adelie,Dream,40.2,17.1,193.0,3400.0,female,2009
Adelie,Dream,40.6,17.2,187.0,3475.0,male,2009
Adelie,Dream,32.1,15.5,188.0,3050.0,female,2009
Adelie,Dream,40.7,17.0,190.0,3725.0,male,2009
Adelie,Dream,37.3,16.8,192.0,3000.0,female,2009
Adelie,Dream,39.0,18.7,185.0,3650.0,male,2009
Adelie,Dream,39.2,18.6,190.0,4250.0,male,2009
Adelie,Dream,36.6,18.4,184.0,3475.0,female,2009
Adelie,Dream,36.0,17.8,195.0,3450.0,female,2009
Adelie,Dream,37.8,18.1,193.0,3750.0,male,2009
Adelie,Dream,36.0,17.1,187.0,3700.0,female,2009
Adelie,Dream,41.5,18.5,201.0,4000.0,male,2009
Gentoo,Biscoe,46.1,13.2,211.0,4500.0,female,2007
Gentoo,Biscoe,50.0,16.3,230.0,5700.0,male,2007
Gentoo,Biscoe,48.7,14.1,210.0,4450.0,female,2007
Gentoo,Biscoe,50.0,15.2,218.0,5700.0,male,2007
Gentoo,Biscoe,47.6,14.5,215.0,5400.0,male,2007
Gentoo,Biscoe,46.5,13.5,210.0,4550.0,female,2007
Gentoo,Biscoe,45.4,14.6,211.0,4800.0,female,2007
Gentoo,Biscoe,46.7,15.3,219.0,5200.0,male,2007
Gentoo,Biscoe,43.3,13.4,209.0,4400.0,female,2007
Gentoo,Biscoe,46.8,15.4,215.0,5150.0,male,2007
Gentoo,Biscoe,40.9,13.7,214.0,4650.0,female,2007
Gentoo,Biscoe,49.0,16.1,216.0,5550.0,male,2007
Gentoo,Biscoe,45.5,13.7,214.0,4650.0,female,2007
Gentoo,Biscoe,48.4,14.6,213.0,5850.0,male,2007
Gentoo,Biscoe,45.8,14.6,210.0,4200.0,female,2007
Gentoo,Biscoe,49.3,15.7,217.0,5850.0,male,2007
Gentoo,Biscoe,42.0,13.5,210.0,4150.0,female,2007
Gentoo,Biscoe,49.2,15.2,221.0,6300.0,male,2007
Gentoo,Biscoe,46.2,14.5,209.0,4800.0,female,2007
Gentoo,Biscoe,48.7,15.1,222.0,5350.0,male,2007
Gentoo,Biscoe,50.2,14.3,218.0,5700.0,male,2007
Gentoo,Biscoe,45.1,14.5,215.0,5000.0,female,2007
Gentoo,Biscoe,46.5,14.5,213.0,4400.0,female,2007
Gentoo,Biscoe,46.3,15.8,215.0,5050.0,male,2007
Gentoo,Biscoe,42.9,13.1,215.0,5000.0,female,2007
Gentoo,Biscoe,46.1,15.1,215.0,5100.0,male,2007
Gentoo,Biscoe,44.5,14.3,216.0,4100.0,,2007
Gentoo,Biscoe,47.8,15.0,215.0,5650.0,male,2007
Gentoo,Biscoe,48.2,14.3,210.0,4600.0,female,2007
Gentoo,Biscoe,50.0,15.3,220.0,5550.0,male,2007
Gentoo,Biscoe,47.3,15.3,222.0,5250.0,male,2007
Gentoo,Biscoe,42.8,14.2,209.0,4700.0,female,2007
Gentoo,Biscoe,45.1,14.5,207.0,5050.0,female,2007
Gentoo,Biscoe,59.6,17.0,230.0,6050.0,male,2007
Gentoo,Biscoe,49.1,14.8,220.0,5150.0,female,2008
Gentoo,Biscoe,48.4,16.3,220.0,5400.0,male,2008
Gentoo,Biscoe,42.6,13.7,213.0,4950.0,female,2008
Gentoo,Biscoe,44.4,17.3,219.0,5250.0,male,2008
Gentoo,Biscoe,44.0,13.6,208.0,4350.0,female,2008
Gentoo,Biscoe,48.7,15.7,208.0,5350.0,male,2008
Gentoo,Biscoe,42.7,13.7,208.0,3950.0,female,2008
Gentoo,Biscoe,49.6,16.0,225.0,5700.0,male,2008
Gentoo,Biscoe,45.3,13.7,210.0,4300.0,female,2008
Gentoo,Biscoe,49.6,15.0,216.0,4750.0,male,2008
Gentoo,Biscoe,50.5,15.9,222.0,5550.0,male,2008
Gentoo,Biscoe,43.6,13.9,217.0,4900.0,female,2008
Gentoo,Biscoe,45.5,13.9,210.0,4200.0,female,2008
Gentoo,Biscoe,50.5,15.9,225.0,5400.0,male,2008
Gentoo,Biscoe,44.9,13.3,213.0,5100.0,female,2008
Gentoo,Biscoe,45.2,15.8,215.0,5300.0,male,2008
Gentoo,Biscoe,46.6,14.2,210.0,4850.0,female,2008
Gentoo,Biscoe,48.5,14.1,220.0,5300.0,male,2008
Gentoo,Biscoe,45.1,14.4,210.0,4400.0,female,2008
Gentoo,Biscoe,50.1,15.0,225.0,5000.0,male,2008
Gentoo,Biscoe,46.5,14.4,217.0,4900.0,female,2008
Gentoo,Biscoe,45.0,15.4,220.0,5050.0,male,2008
Gentoo,Biscoe,43.8,13.9,208.0,4300.0,female,2008
Gentoo,Biscoe,45.5,15.0,220.0,5000.0,male,2008
Gentoo,Biscoe,43.2,14.5,208.0,4450.0,female,2008
Gentoo,Biscoe,50.4,15.3,224.0,5550.0,male,2008
Gentoo,Biscoe,45.3,13.8,208.0,4200.0,female,2008
Gentoo,Biscoe,46.2,14.9,221.0,5300.0,male,2008
Gentoo,Biscoe,45.7,13.9,214.0,4400.0,female,2008
Gentoo,Biscoe,54.3,15.7,231.0,5650.0,male,2008
Gentoo,Biscoe,45.8,14.2,219.0,4700.0,female,2008
Gentoo,Biscoe,49.8,16.8,230.0,5700.0,male,2008
Gentoo,Biscoe,46.2,14.4,214.0,4650.0,,2008
Gentoo,Biscoe,49.5,16.2,229.0,5800.0,male,2008
Gentoo,Biscoe,43.5,14.2,220.0,4700.0,female,2008
Gentoo,Biscoe,50.7,15.0,223.0,5550.0,male,2008
Gentoo,Biscoe,47.7,15.0,216.0,4750.0,female,2008
Gentoo,Biscoe,46.4,15.6,221.0,5000.0,male,2008
Gentoo,Biscoe,48.2,15.6,221.0,5100.0,male,2008
Gentoo,Biscoe,46.5,14.8,217.0,5200.0,female,2008
Gentoo,Biscoe,46.4,15.0,216.0,4700.0,female,2008
Gentoo,Biscoe,48.6,16.0,230.0,5800.0,male,2008
Gentoo,Biscoe,47.5,14.2,209.0,4600.0,female,2008
Gentoo,Biscoe,51.1,16.3,220.0,6000.0,male,2008
Gentoo,Biscoe,45.2,13.8,215.0,4750.0,female,2008
Gentoo,Biscoe,45.2,16.4,223.0,5950.0,male,2008
Gentoo,Biscoe,49.1,14.5,212.0,4625.0,female,2009
Gentoo,Biscoe,52.5,15.6,221.0,5450.0,male,2009
Gentoo,Biscoe,47.4,14.6,212.0,4725.0,female,2009
Gentoo,Biscoe,50.0,15.9,224.0,5350.0,male,2009
Gentoo,Biscoe,44.9,13.8,212.0,4750.0,female,2009
Gentoo,Biscoe,50.8,17.3,228.0,5600.0,male,2009
Gentoo,Biscoe,43.4,14.4,218.0,4600.0,female,2009
Gentoo,Biscoe,51.3,14.2,218.0,5300.0,male,2009
Gentoo,Biscoe,47.5,14.0,212.0,4875.0,female,2009
Gentoo,Biscoe,52.1,17.0,230.0,5550.0,male,2009
Gentoo,Biscoe,47.5,15.0,218.0,4950.0,female,2009
Gentoo,Biscoe,52.2,17.1,228.0,5400.0,male,2009
Gentoo,Biscoe,45.5,14.5,212.0,4750.0,female,2009
Gentoo,Biscoe,49.5,16.1,224.0,5650.0,male,2009
Gentoo,Biscoe,44.5,14.7,214.0,4850.0,female,2009
Gentoo,Biscoe,50.8,15.7,226.0,5200.0,male,2009
Gentoo,Biscoe,49.4,15.8,216.0,4925.0,male,2009
Gentoo,Biscoe,46.9,14.6,222.0,4875.0,female,2009
Gentoo,Biscoe,48.4,14.4,203.0,4625.0,female,2009
Gentoo,Biscoe,51.1,16.5,225.0,5250.0,male,2009
Gentoo,Biscoe,48.5,15.0,219.0,4850.0,female,2009
Gentoo,Biscoe,55.9,17.0,228.0,5600.0,male,2009
Gentoo,Biscoe,47.2,15.5,215.0,4975.0,female,2009
Gentoo,Biscoe,49.1,15.0,228.0,5500.0,male,2009
Gentoo,Biscoe,47.3,13.8,216.0,4725.0,,2009
Gentoo,Biscoe,46.8,16.1,215.0,5500.0,male,2009
Gentoo,Biscoe,41.7,14.7,210.0,4700.0,female,2009
Gentoo,Biscoe,53.4,15.8,219.0,5500.0,male,2009
Gentoo,Biscoe,43.3,14.0,208.0,4575.0,female,2009
Gentoo,Biscoe,48.1,15.1,209.0,5500.0,male,2009
Gentoo,Biscoe,50.5,15.2,216.0,5000.0,female,2009
Gentoo,Biscoe,49.8,15.9,229.0,5950.0,male,2009
Gentoo,Biscoe,43.5,15.2,213.0,4650.0,female,2009
Gentoo,Biscoe,51.5,16.3,230.0,5500.0,male,2009
Gentoo,Biscoe,46.2,14.1,217.0,4375.0,female,2009
Gentoo,Biscoe,55.1,16.0,230.0,5850.0,male,2009
Gentoo,Biscoe,44.5,15.7,217.0,4875.0,,2009
Gentoo,Biscoe,48.8,16.2,222.0,6000.0,male,2009
Gentoo,Biscoe,47.2,13.7,214.0,4925.0,female,2009
Gentoo,Biscoe,,,,,,2009
Gentoo,Biscoe,46.8,14.3,215.0,4850.0,female,2009
Gentoo,Biscoe,50.4,15.7,222.0,5750.0,male,2009
Gentoo,Biscoe,45.2,14.8,212.0,5200.0,female,2009
Gentoo,Biscoe,49.9,16.1,213.0,5400.0,male,2009
Chinstrap,Dream,46.5,17.9,192.0,3500.0,female,2007
Chinstrap,Dream,50.0,19.5,196.0,3900.0,male,2007
Chinstrap,Dream,51.3,19.2,193.0,3650.0,male,2007
Chinstrap,Dream,45.4,18.7,188.0,3525.0,female,2007
Chinstrap,Dream,52.7,19.8,197.0,3725.0,male,2007
Chinstrap,Dream,45.2,17.8,198.0,3950.0,female,2007
Chinstrap,Dream,46.1,18.2,178.0,3250.0,female,2007
Chinstrap,Dream,51.3,18.2,197.0,3750.0,male,2007
Chinstrap,Dream,46.0,18.9,195.0,4150.0,female,2007
Chinstrap,Dream,51.3,19.9,198.0,3700.0,male,2007
Chinstrap,Dream,46.6,17.8,193.0,3800.0,female,2007
Chinstrap,Dream,51.7,20.3,194.0,3775.0,male,2007
Chinstrap,Dream,47.0,17.3,185.0,3700.0,female,2007
Chinstrap,Dream,52.0,18.1,201.0,4050.0,male,2007
Chinstrap,Dream,45.9,17.1,190.0,3575.0,female,2007
Chinstrap,Dream,50.5,19.6,201.0,4050.0,male,2007
Chinstrap,Dream,50.3,20.0,197.0,3300.0,male,2007
Chinstrap,Dream,58.0,17.8,181.0,3700.0,female,2007
Chinstrap,Dream,46.4,18.6,190.0,3450.0,female,2007
Chinstrap,Dream,49.2,18.2,195.0,4400.0,male,2007
Chinstrap,Dream,42.4,17.3,181.0,3600.0,female,2007
Chinstrap,Dream,48.5,17.5,191.0,3400.0,male,2007
Chinstrap,Dream,43.2,16.6,187.0,2900.0,female,2007
Chinstrap,Dream,50.6,19.4,193.0,3800.0,male,2007
Chinstrap,Dream,46.7,17.9,195.0,3300.0,female,2007
Chinstrap,Dream,52.0,19.0,197.0,4150.0,male,2007
Chinstrap,Dream,50.5,18.4,200.0,3400.0,female,2008
Chinstrap,Dream,49.5,19.0,200.0,3800.0,male,2008
Chinstrap,Dream,46.4,17.8,191.0,3700.0,female,2008
Chinstrap,Dream,52.8,20.0,205.0,4550.0,male,2008
Chinstrap,Dream,40.9,16.6,187.0,3200.0,female,2008
Chinstrap,Dream,54.2,20.8,201.0,4300.0,male,2008
Chinstrap,Dream,42.5,16.7,187.0,3350.0,female,2008
Chinstrap,Dream,51.0,18.8,203.0,4100.0,male,2008
Chinstrap,Dream,49.7,18.6,195.0,3600.0,male,2008
Chinstrap,Dream,47.5,16.8,199.0,3900.0,female,2008
Chinstrap,Dream,47.6,18.3,195.0,3850.0,female,2008
Chinstrap,Dream,52.0,20.7,210.0,4800.0,male,2008
Chinstrap,Dream,46.9,16.6,192.0,2700.0,female,2008
Chinstrap,Dream,53.5,19.9,205.0,4500.0,male,2008
Chinstrap,Dream,49.0,19.5,210.0,3950.0,male,2008
Chinstrap,Dream,46.2,17.5,187.0,3650.0,female,2008
Chinstrap,Dream,50.9,19.1,196.0,3550.0,male,2008
Chinstrap,Dream,45.5,17.0,196.0,3500.0,female,2008
Chinstrap,Dream,50.9,17.9,196.0,3675.0,female,2009
Chinstrap,Dream,50.8,18.5,201.0,4450.0,male,2009
Chinstrap,Dream,50.1,17.9,190.0,3400.0,female,2009
Chinstrap,Dream,49.0,19.6,212.0,4300.0,male,2009
Chinstrap,Dream,51.5,18.7,187.0,3250.0,male,2009
Chinstrap,Dream,49.8,17.3,198.0,3675.0,female,2009
Chinstrap,Dream,48.1,16.4,199.0,3325.0,female,2009
Chinstrap,Dream,51.4,19.0,201.0,3950.0,male,2009
Chinstrap,Dream,45.7,17.3,193.0,3600.0,female,2009
Chinstrap,Dream,50.7,19.7,203.0,4050.0,male,2009
Chinstrap,Dream,42.5,17.3,187.0,3350.0,female,2009
Chinstrap,Dream,52.2,18.8,197.0,3450.0,male,2009
Chinstrap,Dream,45.2,16.6,191.0,3250.0,female,2009
Chinstrap,Dream,49.3,19.9,203.0,4050.0,male,2009
Chinstrap,Dream,50.2,18.8,202.0,3800.0,male,2009
Chinstrap,Dream,45.6,19.4,194.0,3525.0,female,2009
Chinstrap,Dream,51.9,19.5,206.0,3950.0,male,2009
Chinstrap,Dream,46.8,16.5,189.0,3650.0,female,2009
Chinstrap,Dream,45.7,17.0,195.0,3650.0,female,2009
Chinstrap,Dream,55.8,19.8,207.0,4000.0,male,2009
Chinstrap,Dream,43.5,18.1,202.0,3400.0,female,2009
Chinstrap,Dream,49.6,18.2,193.0,3775.0,male,2009
Chinstrap,Dream,50.8,19.0,210.0,4100.0,male,2009
Chinstrap,Dream,50.2,18.7,198.0,3775.0,female,2009
